소분류코드,소분류명,중분류코드,category,카테고리한글,예외처리
G20201,타이어 소매업,G202,transport,교통,
G20202,자동차 부품 소매업,G202,transport,교통,
G20301,모터사이클 및 부품 소매업,G203,transport,교통,
G20404,슈퍼마켓,G204,food,식비,
G20405,편의점,G204,food,식비,
G20499,그 외 기타 종합 소매업,G204,food,식비,
G20501,곡물/곡분 소매업,G205,food,식비,
G20502,가축 사료 소매업,G205,food,식비,
G20503,정육점,G205,food,식비,
G20504,건어물/젓갈 소매업,G205,food,식비,
G20505,수산물 소매업,G205,food,식비,
G20506,채소/과일 소매업,G205,food,식비,
G20507,아이스크림 할인점,G205,food,식비,
G20508,건강보조식품 소매업,G205,food,식비,
G20509,반찬/식료품 소매업,G205,food,식비,
G20601,얼음 소매업,G206,food,식비,
G20602,주류 소매업,G206,leisure,여가,O
G20603,생수/음료 소매업,G206,food,식비,
G20604,우유 소매업,G206,food,식비,
G20701,담배/전자담배 소매업,G207,living,생활·고정,
G20801,컴퓨터/소프트웨어 소매업,G208,shopping,쇼핑,
G20802,핸드폰 소매업,G208,shopping,쇼핑,
G20803,가전제품 소매업,G208,shopping,쇼핑,
G20901,남성 의류 소매업,G209,shopping,쇼핑,
G20902,여성 의류 소매업,G209,shopping,쇼핑,
G20903,유아용 의류 소매업,G209,shopping,쇼핑,
G20904,한복 소매업,G209,shopping,쇼핑,
G20905,기타 의류 소매업,G209,shopping,쇼핑,
G20906,침구류/커튼 소매업,G209,shopping,쇼핑,
G20907,액세서리/잡화 소매업,G209,shopping,쇼핑,
G20908,가발 소매업,G209,shopping,쇼핑,
G20909,실/섬유제품 소매업,G209,shopping,쇼핑,
G20910,신발 소매업,G209,shopping,쇼핑,
G20911,가방 소매업,G209,shopping,쇼핑,
G21001,철물/공구 소매업,G210,living,생활·고정,
G21002,벽지/장판/마루 소매업,G210,living,생활·고정,
G21003,건설/건축자재 소매업,G210,living,생활·고정,
G21099,기타 건설/건축자재 소매업,G210,living,생활·고정,
G21101,가구 소매업,G211,shopping,쇼핑,
G21201,전기용품/조명장치 소매업,G212,shopping,쇼핑,
G21202,주방/가정용품 소매업,G212,shopping,쇼핑,
G21203,악기 소매업,G212,shopping,쇼핑,
G21301,서점,G213,leisure,여가,O
G21302,문구/회화용품 소매업,G213,shopping,쇼핑,
G21303,음반/비디오물 소매업,G213,shopping,쇼핑,
G21304,운동용품 소매업,G213,leisure,여가,O
G21305,자전거 소매업,G213,transport,교통,O
G21306,장난감 소매업,G213,shopping,쇼핑,
G21401,주유소,G214,transport,교통,
G21402,가스 충전소,G214,transport,교통,
G21403,가정용 연료 소매업,G214,living,생활·고정,O
G21501,약국,G215,medical,의료,O
G21502,의료기기 소매업,G215,medical,의료,O
G21503,화장품 소매업,G215,shopping,쇼핑,
G21601,사무기기 소매업,G216,shopping,쇼핑,
G21602,안경렌즈 소매업,G216,medical,의료,O
G21603,사진기/기타 광학기기 소매업,G216,shopping,쇼핑,
G21701,시계/귀금속 소매업,G217,shopping,쇼핑,
G21801,예술품 소매업,G218,shopping,쇼핑,
G21802,기념품점,G218,shopping,쇼핑,
G21901,꽃집,G219,shopping,쇼핑,
G22001,애완동물/애완용품 소매업,G220,shopping,쇼핑,
G22199,그 외 기타 상품 전문 소매업,G221,shopping,쇼핑,
G22201,중고 상품 소매업,G222,shopping,쇼핑,
I10101,호텔/리조트,I101,leisure,여가,
I10102,여관/모텔,I101,leisure,여가,
I10103,펜션,I101,leisure,여가,
I10104,캠핑/글램핑,I101,leisure,여가,
I10201,기숙사/고시원,I102,living,생활·고정,
I10299,그 외 기타 숙박업,I102,living,생활·고정,
I20101,백반/한정식,I201,food,식비,
I20102,국/탕/찌개류,I201,food,식비,
I20103,족발/보쌈,I201,food,식비,
I20104,전/부침개,I201,food,식비,
I20105,국수/칼국수,I201,food,식비,
I20106,냉면/밀면,I201,food,식비,
I20107,돼지고기 구이/찜,I201,food,식비,
I20108,소고기 구이/찜,I201,food,식비,
I20109,곱창 전골/구이,I201,food,식비,
I20110,닭/오리고기 구이/찜,I201,food,식비,
I20111,횟집,I201,food,식비,
I20112,해산물 구이/찜,I201,food,식비,
I20113,복 요리 전문,I201,food,식비,
I20199,기타 한식 음식점,I201,food,식비,
I20201,중국집,I202,food,식비,
I20202,마라탕/훠궈,I202,food,식비,
I20301,일식 회/초밥,I203,food,식비,
I20302,일식 카레/돈가스/덮밥,I203,food,식비,
I20303,일식 면 요리,I203,food,식비,
I20399,기타 일식 음식점,I203,food,식비,
I20401,경양식,I204,food,식비,
I20402,파스타/스테이크,I204,food,식비,
I20403,패밀리레스토랑,I204,food,식비,
I20499,기타 서양식 음식점,I204,food,식비,
I20501,베트남식 전문,I205,food,식비,
I20599,기타 동남아식 전문,I205,food,식비,
I20601,분류 안된 외국식 음식점,I206,food,식비,
I20701,구내식당,I207,food,식비,
I20702,뷔페,I207,food,식비,
I21001,빵/도넛,I210,food,식비,
I21002,떡/한과,I210,food,식비,
I21003,피자,I210,food,식비,
I21004,버거,I210,food,식비,
I21005,토스트/샌드위치/샐러드,I210,food,식비,
I21006,치킨,I210,food,식비,
I21007,김밥/만두/분식,I210,food,식비,
I21008,아이스크림/빙수,I210,food,식비,
I21099,그 외 기타 간이 음식점,I210,food,식비,
I21101,일반 유흥 주점,I211,leisure,여가,
I21102,무도 유흥 주점,I211,leisure,여가,
I21103,생맥주 전문,I211,leisure,여가,
I21104,요리 주점,I211,leisure,여가,
I21201,카페,I212,food,식비,
L10203,부동산 중개/대리업,L102,living,생활·고정,
M10301,변호사,M103,other,기타,
M10302,변리사,M103,other,기타,
M10303,법무사,M103,other,기타,
M10306,행정사,M103,other,기타,
M10307,공인노무사,M103,other,기타,
M10399,기타 법무관련 서비스업,M103,other,기타,
M10401,공인회계사,M104,other,기타,
M10402,세무사,M104,other,기타,
M10499,기타 회계 관련 서비스업,M104,other,기타,
M10501,광고 대행업,M105,other,기타,
M10502,옥외/전시 광고 대행업,M105,other,기타,
M10503,광고 매체 판매업,M105,other,기타,
M10504,광고물 설계/제작업,M105,other,기타,
M10599,기타 광고 관련 서비스업,M105,other,기타,
M10601,시장 조사 및 여론 조사업,M106,other,기타,
M10703,경영 컨설팅업,M107,other,기타,
M10901,건축 설계 및 관련 서비스업,M109,other,기타,
M10902,도시 계획 및 조경 설계 서비스업,M109,other,기타,
M10903,건물 및 토목 엔지니어링 서비스업,M109,other,기타,
M10904,환경 관련 엔지니어링 서비스업,M109,other,기타,
M10999,기타 엔지니어링 서비스업,M109,other,기타,
M11101,동물병원,M111,living,생활·고정,
M11201,인테리어 디자인업,M112,other,기타,
M11202,제품 디자인업,M112,other,기타,
M11203,시각 디자인업,M112,other,기타,
M11204,패션/섬유/기타 전문 디자인업,M112,other,기타,
M11301,사진촬영업,M113,leisure,여가,
M11401,명함/간판/광고물 제작,M114,other,기타,
M11502,번역/통역 서비스업,M115,other,기타,
M11504,사업/무형 재산권 중개업,M115,other,기타,
N10101,사업시설 유지·관리 서비스업,N101,other,기타,
N10201,건축물 일반 청소업,N102,living,생활·고정,
N10202,산업설비; 운송장비 및 공공장소 청소업,N102,living,생활·고정,
N10203,소독; 구충 및 방제 서비스업,N102,living,생활·고정,
N10301,조경 유지·관리 서비스업,N103,other,기타,
N10401,고용 알선업,N104,other,기타,
N10402,임시/일용 인력 공급업,N104,other,기타,
N10403,상용 인력 공급 및 인사관리 서비스업,N104,other,기타,
N10501,여행사,N105,leisure,여가,
N10599,기타 여행 보조/예약 서비스업,N105,leisure,여가,
N10703,복사업,N107,other,기타,
N10799,기타 사무 지원 서비스업,N107,other,기타,
N10802,전시/컨벤션/행사 대행 서비스업,N108,other,기타,
N10805,포장/충전업,N108,other,기타,
N10901,자동차 대여업,N109,transport,교통,
N10999,기타 운송장비 대여업,N109,transport,교통,
N11001,스포츠/레크리에이션 용품 대여업,N110,leisure,여가,O
N11002,음반/비디오물 대여업,N110,living,생활·고정,
N11003,만화방,N110,leisure,여가,O
N11004,의류 대여업,N110,living,생활·고정,
N11099,기타 개인/가정용품 대여업,N110,living,생활·고정,
N11101,건설기계/장비 대여업,N111,other,기타,
N11102,컴퓨터/사무기기 대여업,N111,other,기타,
N11199,기타 산업용 기계/장비 대여업,N111,other,기타,
P10501,입시·교과학원,P105,education,교육,
P10601,태권도/무술학원,P106,education,교육,
P10603,요가/필라테스 학원,P106,leisure,여가,O
P10605,레크리에이션 교육기관,P106,education,교육,
P10607,청소년 수련시설,P106,education,교육,
P10609,음악학원,P106,education,교육,
P10611,미술학원,P106,education,교육,
P10613,기타 예술/스포츠 교육기관,P106,education,교육,
P10615,외국어학원,P106,education,교육,
P10617,전문자격/고시학원,P106,education,교육,
P10619,사회교육시설,P106,education,교육,
P10621,직원 훈련기관,P106,education,교육,
P10623,운전학원,P106,education,교육,
P10625,기타 기술/직업 훈련학원,P106,education,교육,
P10627,컴퓨터 학원,P106,education,교육,
P10629,그 외 기타 교육기관,P106,education,교육,
P10701,교육컨설팅업,P107,education,교육,
P10799,기타 교육지원 서비스업,P107,education,교육,
Q10101,종합병원,Q101,medical,의료,
Q10102,일반병원,Q101,medical,의료,
Q10103,치과병원,Q101,medical,의료,
Q10104,한방병원,Q101,medical,의료,
Q10105,요양병원,Q101,medical,의료,
Q10201,내과/소아과 의원,Q102,medical,의료,
Q10202,외과 의원,Q102,medical,의료,
Q10203,신경/정신과 의원,Q102,medical,의료,
Q10204,피부/비뇨기과 의원,Q102,medical,의료,
Q10205,안과 의원,Q102,medical,의료,
Q10206,이비인후과 의원,Q102,medical,의료,
Q10207,산부인과 의원,Q102,medical,의료,
Q10208,성형외과 의원,Q102,medical,의료,
Q10209,기타 의원,Q102,medical,의료,
Q10210,치과의원,Q102,medical,의료,
Q10211,한의원,Q102,medical,의료,
Q10212,방사선 진단/병리 검사 의원,Q102,medical,의료,
Q10402,유사 의료업,Q104,medical,의료,
R10202,독서실/스터디 카페,R102,leisure,여가,
R10306,종합 스포츠시설,R103,leisure,여가,
R10307,헬스장,R103,leisure,여가,
R10308,수영장,R103,leisure,여가,
R10309,볼링장,R103,leisure,여가,
R10310,당구장,R103,leisure,여가,
R10311,골프 연습장,R103,leisure,여가,
R10312,테니스장,R103,leisure,여가,
R10313,탁구장,R103,leisure,여가,
R10314,기타 스포츠시설 운영업,R103,leisure,여가,
R10316,스쿼시/라켓볼장,R103,leisure,여가,
R10402,비디오방,R104,leisure,여가,
R10404,전자 게임장,R104,leisure,여가,
R10405,기타 오락장,R104,leisure,여가,
R10406,PC방,R104,leisure,여가,
R10407,노래방,R104,leisure,여가,
R10408,낚시터 운영업,R104,leisure,여가,
R10409,수상/해양 레저업,R104,leisure,여가,
R10410,복권 발행/판매업,R104,leisure,여가,
R10414,바둑/장기/체스 경기 운영업,R104,leisure,여가,
R10499,기타 오락관련 서비스업,R104,leisure,여가,
S20101,컴퓨터/노트북/프린터 수리업,S201,living,생활·고정,
S20201,핸드폰/통신장비 수리업,S202,living,생활·고정,
S20301,자동차 정비소,S203,transport,교통,
S20302,자동차 세차장,S203,transport,교통,
S20401,모터사이클 수리업,S204,transport,교통,
S20501,가전제품 수리업,S205,living,생활·고정,
S20601,의류/이불 수선업,S206,living,생활·고정,
S20602,가죽/가방/신발 수선업,S206,living,생활·고정,
S20603,시계/귀금속/악기 수리업,S206,living,생활·고정,
S20699,그 외 기타 개인/가정용품 수리업,S206,living,생활·고정,
S20701,미용실,S207,leisure,여가,
S20702,피부 관리실,S207,leisure,여가,
S20703,네일숍,S207,leisure,여가,
S20801,목욕탕/사우나,S208,leisure,여가,
S20802,마사지/안마,S208,leisure,여가,
S20803,체형/비만 관리,S208,leisure,여가,
S20901,세탁소,S209,living,생활·고정,
S20902,셀프 빨래방,S209,living,생활·고정,
S21001,장례식장,S210,other,기타,
S21002,화장터/묘지/납골당,S210,other,기타,
S21101,예식장업,S211,other,기타,
S21105,결혼 상담 서비스업,S211,other,기타,
